id;shortcode;sent_at;fulfilled_at
1;experiences Home Loan Account Developer;2020-09-29T01:19:52;2020-09-28T12:22:06
2;Russian Federation;2020-09-28T20:06:38;2020-09-28T20:09:04
3;indexing Direct;2020-09-29T06:05:22;2020-09-29T02:27:41
4;action-items National;2020-09-28T21:33:33;2020-09-29T05:22:16
5;Republic of Korea Beauty;2020-09-29T05:18:46;2020-09-28T21:58:22
6;azure;2020-09-28T19:29:42;2020-09-28T13:07:55
7;payment SSL;2020-09-28T18:52:00;2020-09-29T07:52:20
8;orchid sensor Paradigm;2020-09-29T05:01:59;2020-09-28T15:21:20
9;feed;2020-09-28T19:02:38;2020-09-29T06:30:49
10;withdrawal;2020-09-28T14:03:35;2020-09-29T06:17:01
